timestamp,report_name,status,duration_sec,rows_output,files_uploaded,args,error
2026-03-12 07:06:44,Salesman Report,STARTED,,,,--email,
2026-03-12 07:36:38,Salesman Report,SUCCESS,1792,,,--email,
2026-03-12 08:06:28,Ordered Report,STARTED,,,,--customer 48999 917 2267 --period daily,
2026-03-12 08:06:39,Ordered Report,SUCCESS,8,,,--customer 48999 917 2267 --period daily,
2026-03-12 08:07:31,Ordered Report,STARTED,,,,--salesman all --period yesterday,
2026-03-12 08:08:06,Ordered Report,SUCCESS,33,,,--salesman all --period yesterday,
2026-03-12 08:11:27,Invoiced Report,SUCCESS,287,,,--salesman all --period yesterday,
2026-03-12 23:06:57,Ordered Report,STARTED,,,,,
2026-03-12 23:32:17,Ordered Report,SUCCESS,1517,,,,
2026-03-13 04:06:21,Invoiced Report,STARTED,,,,,
2026-03-13 04:06:30,Number 4 Report,STARTED,,,,,
2026-03-13 04:12:35,Invoiced Report,SUCCESS,371,,,,
2026-03-13 04:24:06,Number 4 Report,SUCCESS,1053,,,,
2026-03-13 08:06:24,Invoiced Report,STARTED,,,,--salesman all --period yesterday,
2026-03-13 08:06:51,Ordered Report,STARTED,,,,--customer 48999 917 2267 --period daily,
2026-03-13 08:06:55,Ordered Report,SUCCESS,2,,,--customer 48999 917 2267 --period daily,
2026-03-13 08:07:11,Ordered Report,STARTED,,,,--salesman all --period yesterday,
2026-03-13 08:07:38,Ordered Report,SUCCESS,25,,,--salesman all --period yesterday,
2026-03-13 08:11:13,Invoiced Report,SUCCESS,286,,,--salesman all --period yesterday,
2026-03-13 23:06:34,Ordered Report,STARTED,,,,,
2026-03-13 23:26:01,Ordered Report,SUCCESS,1164,,,,
2026-03-14 04:06:30,Invoiced Report,STARTED,,,,,
2026-03-14 04:06:33,Number 4 Report,STARTED,,,,,
2026-03-14 04:13:13,Invoiced Report,SUCCESS,400,,,,
2026-03-14 04:23:20,Number 4 Report,SUCCESS,1005,,,,
2026-03-14 08:06:51,Ordered Report,STARTED,,,,--salesman all --period yesterday,
2026-03-14 08:06:57,Invoiced Report,STARTED,,,,--salesman all --period yesterday,
2026-03-14 08:07:11,Ordered Report,STARTED,,,,--customer 48999 917 2267 --period daily,
2026-03-14 08:07:15,Ordered Report,SUCCESS,21,,,--salesman all --period yesterday,
2026-03-14 08:07:17,Ordered Report,SUCCESS,4,,,--customer 48999 917 2267 --period daily,
2026-03-14 08:11:41,Invoiced Report,SUCCESS,282,,,--salesman all --period yesterday,
2026-03-14 23:06:42,Ordered Report,STARTED,,,,,
2026-03-14 23:24:25,Ordered Report,SUCCESS,1060,,,,
2026-03-15 04:06:31,Number 4 Report,STARTED,,,,,
2026-03-15 04:07:04,Invoiced Report,STARTED,,,,,
2026-03-15 04:14:27,Invoiced Report,SUCCESS,440,,,,
2026-03-15 04:24:03,Number 4 Report,SUCCESS,1049,,,,
2026-03-15 08:06:36,Ordered Report,STARTED,,,,--customer 48999 917 2267 --period daily,
2026-03-15 08:06:41,Ordered Report,SUCCESS,2,,,--customer 48999 917 2267 --period daily,
2026-03-15 08:07:01,Ordered Report,STARTED,,,,--salesman all --period yesterday,
2026-03-15 08:07:17,Invoiced Report,STARTED,,,,--salesman all --period yesterday,
2026-03-15 08:07:21,Ordered Report,SUCCESS,18,,,--salesman all --period yesterday,
2026-03-15 08:11:54,Invoiced Report,SUCCESS,275,,,--salesman all --period yesterday,
2026-03-15 23:06:58,Ordered Report,STARTED,,,,,
2026-03-15 23:25:11,Ordered Report,SUCCESS,1091,,,,
2026-03-16 04:07:00,Number 4 Report,STARTED,,,,,
2026-03-16 04:07:41,Invoiced Report,STARTED,,,,,
2026-03-16 04:14:34,Invoiced Report,SUCCESS,411,,,,
2026-03-16 04:24:56,Number 4 Report,SUCCESS,1073,,,,
2026-03-16 08:06:44,Invoiced Report,STARTED,,,,--salesman all --period yesterday,
2026-03-16 08:07:08,Ordered Report,STARTED,,,,--salesman all --period yesterday,
2026-03-16 08:07:31,Ordered Report,SUCCESS,21,,,--salesman all --period yesterday,
2026-03-16 08:07:34,Ordered Report,STARTED,,,,--customer 48999 917 2267 --period daily,
2026-03-16 08:07:38,Ordered Report,SUCCESS,2,,,--customer 48999 917 2267 --period daily,
2026-03-16 08:12:06,Invoiced Report,SUCCESS,320,,,--salesman all --period yesterday,
2026-03-16 23:07:18,Ordered Report,STARTED,,,,,
2026-03-16 23:27:06,Ordered Report,SUCCESS,1186,,,,
2026-03-17 04:06:51,Number 4 Report,STARTED,,,,,
2026-03-17 04:07:16,Invoiced Report,STARTED,,,,,
2026-03-17 04:15:41,Invoiced Report,SUCCESS,503,,,,
2026-03-17 04:25:28,Number 4 Report,SUCCESS,1115,,,,
2026-03-17 08:06:23,Invoiced Report,STARTED,,,,--salesman all --period yesterday,
2026-03-17 08:06:52,Ordered Report,STARTED,,,,--salesman all --period yesterday,
2026-03-17 08:07:04,Ordered Report,STARTED,,,,--customer 48999 917 2267 --period daily,
2026-03-17 08:07:10,Ordered Report,SUCCESS,4,,,--customer 48999 917 2267 --period daily,
2026-03-17 08:07:27,Ordered Report,SUCCESS,32,,,--salesman all --period yesterday,
2026-03-17 08:12:18,Invoiced Report,SUCCESS,353,,,--salesman all --period yesterday,
2026-03-18 04:07:18,Invoiced Report,STARTED,,,,,
2026-03-18 04:21:22,Number 4 Report,STARTED,,,,,
2026-03-18 04:40:13,Number 4 Report,SUCCESS,1129,,,,
2026-03-18 08:06:26,Invoiced Report,STARTED,,,,--salesman all --period yesterday,
2026-03-18 08:07:02,Ordered Report,STARTED,,,,--salesman all --period yesterday,
2026-03-18 08:07:12,Ordered Report,STARTED,,,,--customer 48999 917 2267 --period daily,
2026-03-18 08:07:16,Ordered Report,SUCCESS,2,,,--customer 48999 917 2267 --period daily,
2026-03-18 08:07:28,Ordered Report,SUCCESS,23,,,--salesman all --period yesterday,
2026-03-18 08:11:51,Invoiced Report,SUCCESS,322,,,--salesman all --period yesterday,
2026-03-18 11:01:16,Ordered Report,STARTED,,,,,
2026-03-18 11:01:40,Invoiced Report,STARTED,,,,,
2026-03-18 12:01:25,Ordered Report,FAILED,3603,,,,Runner returned exit code 1
2026-03-18 15:44:44,Invoiced Report,STARTED,,,,,
2026-03-18 15:44:50,Ordered Report,STARTED,,,,,
2026-03-18 23:07:13,Ordered Report,STARTED,,,,,
2026-03-18 23:07:17,Ordered Report,STARTED,,,,--customer 9300 9301 --period last_7_days,
2026-03-18 23:07:32,Ordered Report,SUCCESS,13,,,--customer 9300 9301 --period last_7_days,
2026-03-19 04:06:54,Number 4 Report,STARTED,,,,,
2026-03-19 04:07:32,Invoiced Report,STARTED,,,,,
2026-03-19 04:24:30,Number 4 Report,SUCCESS,1053,,,,
2026-03-19 05:35:15,Ordered Report,STARTED,,,,,
2026-03-19 05:58:55,Invoiced Report,STARTED,,,,,
2026-03-19 07:37:35,Invoiced Report,STARTED,,,,,
2026-03-19 07:43:38,Invoiced Report,FAILED,361,,,,Runner returned exit code 1
2026-03-19 07:59:20,Invoiced Report,STARTED,,,,,
2026-03-19 08:06:55,Ordered Report,STARTED,,,,--customer 48999 917 2267 --period daily,
2026-03-19 08:06:59,Ordered Report,SUCCESS,1,,,--customer 48999 917 2267 --period daily,
2026-03-19 08:07:21,Invoiced Report,STARTED,,,,--salesman all --period yesterday,
2026-03-19 08:07:34,Ordered Report,STARTED,,,,--salesman all --period yesterday,
2026-03-19 08:09:03,Ordered Report,SUCCESS,87,,,--salesman all --period yesterday,
2026-03-19 08:10:15,Invoiced Report,SUCCESS,172,,,--salesman all --period yesterday,
2026-03-19 09:37:18,Invoiced Report,STARTED,,,,,
2026-03-19 09:37:27,Ordered Report,STARTED,,,,,
2026-03-19 13:32:03,Ordered Report,STARTED,,,,,
2026-03-19 14:22:47,Invoiced Report,STARTED,,,,,
2026-03-19 14:25:36,Ordered Report,STARTED,,,,,
2026-03-19 14:26:16,Invoiced Report,SUCCESS,207,,,,
2026-03-19 14:48:00,Ordered Report,SUCCESS,1341,,,,
2026-03-19 23:08:09,Ordered Report,STARTED,,,,,
2026-03-19 23:32:34,Ordered Report,SUCCESS,1462,,,,
2026-03-20 04:06:50,Number 4 Report,STARTED,,,,,
2026-03-20 04:07:13,Invoiced Report,STARTED,,,,,
2026-03-20 04:11:12,Invoiced Report,SUCCESS,237,,,,
2026-03-20 04:25:11,Number 4 Report,SUCCESS,1099,,,,
2026-03-20 08:06:09,Invoiced Report,STARTED,,,,--salesman all --period yesterday,
2026-03-20 08:06:18,Ordered Report,STARTED,,,,--salesman all --period yesterday,
2026-03-20 08:06:22,Ordered Report,STARTED,,,,--customer 48999 917 2267 --period daily,
2026-03-20 08:06:26,Ordered Report,SUCCESS,2,,,--customer 48999 917 2267 --period daily,
2026-03-20 08:07:04,Ordered Report,SUCCESS,43,,,--salesman all --period yesterday,
2026-03-20 08:09:10,Invoiced Report,SUCCESS,179,,,--salesman all --period yesterday,
2026-03-20 23:11:50,ordered,SKIPPED,,,,,Shabbos
2026-03-21 04:11:15,number_4,SKIPPED,,,,,Shabbos
2026-03-21 04:11:38,invoiced,SKIPPED,,,,,Shabbos
2026-03-21 08:11:19,ordered,SKIPPED,,,,--salesman all --period yesterday,Shabbos
2026-03-21 08:11:39,invoiced,SKIPPED,,,,--salesman all --period yesterday,Shabbos
2026-03-21 08:11:42,ordered,SKIPPED,,,,--customer 48999 917 2267 --period daily,Shabbos
2026-03-21 23:07:11,Ordered Report,STARTED,,,,,
2026-03-21 23:26:16,Ordered Report,SUCCESS,1143,,,,
2026-03-22 04:06:31,Number 4 Report,STARTED,,,,,
2026-03-22 04:06:46,Invoiced Report,STARTED,,,,,
2026-03-22 04:09:03,Invoiced Report,SUCCESS,135,,,--from 2026-03-21 --to 2026-03-22,
2026-03-22 04:23:52,Number 4 Report,SUCCESS,1039,,,--from 2026-03-21 --to 2026-03-22,
2026-03-22 08:06:13,Invoiced Report,STARTED,,,,--salesman all --period yesterday,
2026-03-22 08:06:40,Ordered Report,STARTED,,,,--salesman all --period yesterday,
2026-03-22 08:06:49,Ordered Report,STARTED,,,,--customer 48999 917 2267 --period daily,
2026-03-22 08:06:55,Ordered Report,SUCCESS,3,,,--customer 48999 917 2267 --period daily,
2026-03-22 08:07:05,Ordered Report,SUCCESS,23,,,--salesman all --period yesterday,
2026-03-22 08:08:42,Invoiced Report,SUCCESS,146,,,--salesman all --period yesterday,
2026-03-22 23:07:01,Ordered Report,STARTED,,,,,
2026-03-22 23:27:05,Ordered Report,SUCCESS,1202,,,,
2026-03-23 04:06:20,Number 4 Report,STARTED,,,,,
2026-03-23 04:06:41,Invoiced Report,STARTED,,,,,
2026-03-23 04:10:12,Invoiced Report,SUCCESS,209,,,,
2026-03-23 04:24:01,Number 4 Report,SUCCESS,1059,,,,
2026-03-23 08:06:09,Invoiced Report,STARTED,,,,--salesman all --period yesterday,
2026-03-23 08:06:22,Ordered Report,STARTED,,,,--salesman all --period yesterday,
2026-03-23 08:06:52,Ordered Report,SUCCESS,28,,,--salesman all --period yesterday,
2026-03-23 08:07:28,Ordered Report,STARTED,,,,--customer 48999 917 2267 --period daily,
2026-03-23 08:07:34,Ordered Report,SUCCESS,3,,,--customer 48999 917 2267 --period daily,
2026-03-23 08:08:44,Invoiced Report,SUCCESS,152,,,--salesman all --period yesterday,
2026-03-24 00:07:09,Ordered Report,STARTED,,,,,
2026-03-24 00:07:54,Ordered Report,SUCCESS,42,,,--from 2026-03-23 --to 2026-03-24,
2026-03-24 05:06:46,Invoiced Report,STARTED,,,,,
2026-03-24 05:07:20,Number 4 Report,STARTED,,,,,
2026-03-24 05:10:33,Invoiced Report,SUCCESS,224,,,,
2026-03-24 05:26:18,Number 4 Report,SUCCESS,1136,,,,
2026-03-24 08:17:47,Ordered Report,STARTED,,,,,
2026-03-24 08:39:03,Ordered Report,SUCCESS,1274,,,,
2026-03-24 09:06:13,Invoiced Report,STARTED,,,,--salesman all --period yesterday,
2026-03-24 09:06:27,Ordered Report,STARTED,,,,--salesman all --period yesterday,
2026-03-24 09:06:45,Ordered Report,STARTED,,,,--customer 48999 917 2267 --period daily,
2026-03-24 09:06:50,Ordered Report,SUCCESS,3,,,--customer 48999 917 2267 --period daily,
2026-03-24 09:07:06,Ordered Report,SUCCESS,37,,,--salesman all --period yesterday,
2026-03-24 09:08:52,Invoiced Report,SUCCESS,157,,,--salesman all --period yesterday,
